{"info":{"year":"2023","version":"1","description":"Exported from roboflow.com","contributor":"","url":"https://public.roboflow.com/object-detection/undefined","date_created":"2023-08-24T00:57:58+00:00"},"licenses":[{"id":1,"url":"https://creativecommons.org/licenses/by/4.0/","name":"CC BY 4.0"}],"categories":[{"id":0,"name":"seed","supercategory":"none"},{"id":1,"name":"diseased","supercategory":"seed"},{"id":2,"name":"healthy","supercategory":"seed"}],"images":[{"id":0,"license":1,"file_name":"IMG_7494_JPG.rf.15a3f64407bc0fb015b5c8951bd47632.jpg","height":640,"width":640,"date_captured":"2023-08-24T00:57:58+00:00"},{"id":1,"license":1,"file_name":"IMG_7526_JPG.rf.5a637261e5e108fb399a6c2a0fe30b91.jpg","height":640,"width":640,"date_captured":"2023-08-24T00:57:58+00:00"},{"id":2,"license":1,"file_name":"IMG_7506_JPG.rf.4a0d8c0d4361af7bf746347ec9e60c63.jpg","height":640,"width":640,"date_captured":"2023-08-24T00:57:58+00:00"},{"id":3,"license":1,"file_name":"IMG_7490_JPG.rf.2fa65fa01719cb380c1d19c1a96407bc.jpg","height":640,"width":640,"date_captured":"2023-08-24T00:57:58+00:00"},{"id":4,"license":1,"file_name":"IMG_7510_JPG.rf.788a989ebdbac7baea076f59b2c4001d.jpg","height":640,"width":640,"date_captured":"2023-08-24T00:57:58+00:00"},{"id":5,"license":1,"file_name":"IMG_7266_JPG.rf.7c2413e8552e6167fb7673f33a1def00.jpg","height":640,"width":640,"date_captured":"2023-08-24T00:57:58+00:00"},{"id":6,"license":1,"file_name":"IMG_7532_JPG.rf.b638b99ad421dc382a78f6a56d5e0bd0.jpg","height":640,"width":640,"date_captured":"2023-08-24T00:57:58+00:00"},{"id":7,"license":1,"file_name":"IMG_7472_JPG.rf.471ee350f92dd44a47ad892535527317.jpg","height":640,"width":640,"date_captured":"2023-08-24T00:57:58+00:00"},{"id":8,"license":1,"file_name":"IMG_7531_JPG.rf.c6e5ec1ce64e1a50a82e19f38b6c8c75.jpg","height":640,"width":640,"date_captured":"2023-08-24T00:57:58+00:00"},{"id":9,"license":1,"file_name":"IMG_7468_JPG.rf.4040a4b232f1f647ce7298efe2d99db5.jpg","height":640,"width":640,"date_captured":"2023-08-24T00:57:58+00:00"},{"id":10,"license":1,"file_name":"IMG_7505_JPG.rf.c3c966639bab15d513197be41d7afcd6.jpg","height":640,"width":640,"date_captured":"2023-08-24T00:57:58+00:00"},{"id":11,"license":1,"file_name":"IMG_7523_JPG.rf.d2f6f2da30ac483fe0c1c0be892ace3c.jpg","height":640,"width":640,"date_captured":"2023-08-24T00:57:58+00:00"},{"id":12,"license":1,"file_name":"IMG_7485_JPG.rf.bb4d6829a6c0e7bbd8bb7a2cdeb275e4.jpg","height":640,"width":640,"date_captured":"2023-08-24T00:57:58+00:00"},{"id":13,"license":1,"file_name":"IMG_7524_JPG.rf.d5ded2fc9457193f385fc2692b9010e9.jpg","height":640,"width":640,"date_captured":"2023-08-24T00:57:58+00:00"},{"id":14,"license":1,"file_name":"IMG_7528_JPG.rf.efaa873d892667b68b01f8f67ee6fe8c.jpg","height":640,"width":640,"date_captured":"2023-08-24T00:57:58+00:00"}],"annotations":[{"id":0,"image_id":0,"category_id":1,"bbox":[126,230,18.5,76.5],"area":1415.25,"segmentation":[],"iscrowd":0},{"id":1,"image_id":0,"category_id":1,"bbox":[161,228,20,59],"area":1180,"segmentation":[],"iscrowd":0},{"id":2,"image_id":0,"category_id":2,"bbox":[149,323,31.5,82],"area":2583,"segmentation":[],"iscrowd":0},{"id":3,"image_id":0,"category_id":2,"bbox":[285,331,36,49],"area":1764,"segmentation":[],"iscrowd":0},{"id":4,"image_id":0,"category_id":2,"bbox":[403,212,35,70],"area":2450,"segmentation":[],"iscrowd":0},{"id":5,"image_id":0,"category_id":2,"bbox":[159,448,50,61],"area":3050,"segmentation":[],"iscrowd":0},{"id":6,"image_id":0,"category_id":1,"bbox":[206,383,53,44],"area":2332,"segmentation":[],"iscrowd":0},{"id":7,"image_id":0,"category_id":1,"bbox":[208,292,46.5,34.5],"area":1604.25,"segmentation":[],"iscrowd":0},{"id":8,"image_id":0,"category_id":1,"bbox":[277,230,23.5,80.5],"area":1891.75,"segmentation":[],"iscrowd":0},{"id":9,"image_id":0,"category_id":1,"bbox":[320,248,52,43],"area":2236,"segmentation":[],"iscrowd":0},{"id":10,"image_id":0,"category_id":1,"bbox":[342,295,30,70],"area":2100,"segmentation":[],"iscrowd":0},{"id":11,"image_id":0,"category_id":1,"bbox":[391,326,51.5,40.5],"area":2085.75,"segmentation":[],"iscrowd":0},{"id":12,"image_id":0,"category_id":1,"bbox":[338,393,55.5,42],"area":2331,"segmentation":[],"iscrowd":0},{"id":13,"image_id":0,"category_id":1,"bbox":[281,432,26.5,86],"area":2279,"segmentation":[],"iscrowd":0},{"id":14,"image_id":0,"category_id":1,"bbox":[357,477,56.5,53],"area":2994.5,"segmentation":[],"iscrowd":0},{"id":15,"image_id":0,"category_id":2,"bbox":[301,560,59,40.5],"area":2389.5,"segmentation":[],"iscrowd":0},{"id":16,"image_id":0,"category_id":1,"bbox":[212,531,56,50.5],"area":2828,"segmentation":[],"iscrowd":0},{"id":17,"image_id":1,"category_id":2,"bbox":[245,218,41.5,62.5],"area":2593.75,"segmentation":[],"iscrowd":0},{"id":18,"image_id":1,"category_id":2,"bbox":[263,502,49,46.5],"area":2278.5,"segmentation":[],"iscrowd":0},{"id":19,"image_id":1,"category_id":2,"bbox":[359,318,42,47.5],"area":1995,"segmentation":[],"iscrowd":0},{"id":20,"image_id":1,"category_id":2,"bbox":[193,422,49.5,30.5],"area":1509.75,"segmentation":[],"iscrowd":0},{"id":21,"image_id":1,"category_id":1,"bbox":[309,181,47,32.5],"area":1527.5,"segmentation":[],"iscrowd":0},{"id":22,"image_id":1,"category_id":1,"bbox":[208,199,23,69],"area":1587,"segmentation":[],"iscrowd":0},{"id":23,"image_id":1,"category_id":1,"bbox":[319,242,39.5,54.5],"area":2152.75,"segmentation":[],"iscrowd":0},{"id":24,"image_id":1,"category_id":1,"bbox":[356,246,50,46.5],"area":2325,"segmentation":[],"iscrowd":0},{"id":25,"image_id":1,"category_id":1,"bbox":[412,323,40,47.5],"area":1900,"segmentation":[],"iscrowd":0},{"id":26,"image_id":1,"category_id":1,"bbox":[384,386,27,80.5],"area":2173.5,"segmentation":[],"iscrowd":0},{"id":27,"image_id":1,"category_id":1,"bbox":[274,286,48.5,32],"area":1552,"segmentation":[],"iscrowd":0},{"id":28,"image_id":1,"category_id":1,"bbox":[202,285,41.5,52],"area":2158,"segmentation":[],"iscrowd":0},{"id":29,"image_id":1,"category_id":1,"bbox":[199,338,21.5,69.5],"area":1494.25,"segmentation":[],"iscrowd":0},{"id":30,"image_id":1,"category_id":1,"bbox":[250,358,43.5,62],"area":2697,"segmentation":[],"iscrowd":0},{"id":31,"image_id":1,"category_id":1,"bbox":[287,342,55,32.5],"area":1787.5,"segmentation":[],"iscrowd":0},{"id":32,"image_id":1,"category_id":1,"bbox":[310,392,53.5,34.5],"area":1845.75,"segmentation":[],"iscrowd":0},{"id":33,"image_id":1,"category_id":1,"bbox":[296,439,42,40.5],"area":1701,"segmentation":[],"iscrowd":0},{"id":34,"image_id":1,"category_id":1,"bbox":[236,452,42.5,33],"area":1402.5,"segmentation":[],"iscrowd":0},{"id":35,"image_id":1,"category_id":1,"bbox":[224,513,41,54],"area":2214,"segmentation":[],"iscrowd":0},{"id":36,"image_id":1,"category_id":1,"bbox":[324,481,57,43],"area":2451,"segmentation":[],"iscrowd":0},{"id":37,"image_id":2,"category_id":1,"bbox":[170,372,42.5,46],"area":1955,"segmentation":[],"iscrowd":0},{"id":38,"image_id":2,"category_id":1,"bbox":[293,483,37.5,60.5],"area":2268.75,"segmentation":[],"iscrowd":0},{"id":39,"image_id":2,"category_id":1,"bbox":[238,179,21,66],"area":1386,"segmentation":[],"iscrowd":0},{"id":40,"image_id":2,"category_id":1,"bbox":[270,242,51.5,33.5],"area":1725.25,"segmentation":[],"iscrowd":0},{"id":41,"image_id":2,"category_id":1,"bbox":[365,293,38.5,40],"area":1540,"segmentation":[],"iscrowd":0},{"id":42,"image_id":2,"category_id":1,"bbox":[412,381,48,51],"area":2448,"segmentation":[],"iscrowd":0},{"id":43,"image_id":2,"category_id":1,"bbox":[303,294,48.5,37],"area":1794.5,"segmentation":[],"iscrowd":0},{"id":44,"image_id":2,"category_id":1,"bbox":[177,276,53.5,32.5],"area":1738.75,"segmentation":[],"iscrowd":0},{"id":45,"image_id":2,"category_id":1,"bbox":[344,349,45,62],"area":2790,"segmentation":[],"iscrowd":0},{"id":46,"image_id":2,"category_id":1,"bbox":[297,405,41,45.5],"area":1865.5,"segmentation":[],"iscrowd":0},{"id":47,"image_id":2,"category_id":1,"bbox":[350,219,41,33.5],"area":1373.5,"segmentation":[],"iscrowd":0},{"id":48,"image_id":2,"category_id":1,"bbox":[296,152,24,71.5],"area":1716,"segmentation":[],"iscrowd":0},{"id":49,"image_id":2,"category_id":1,"bbox":[444,254,37,60],"area":2220,"segmentation":[],"iscrowd":0},{"id":50,"image_id":2,"category_id":2,"bbox":[460,341,45.5,50.5],"area":2297.75,"segmentation":[],"iscrowd":0},{"id":51,"image_id":2,"category_id":2,"bbox":[228,297,44.5,57.5],"area":2558.75,"segmentation":[],"iscrowd":0},{"id":52,"image_id":2,"category_id":2,"bbox":[274,340,33.5,72.5],"area":2428.75,"segmentation":[],"iscrowd":0},{"id":53,"image_id":2,"category_id":1,"bbox":[338,425,26,72.5],"area":1885,"segmentation":[],"iscrowd":0},{"id":54,"image_id":2,"category_id":1,"bbox":[237,425,49.5,50],"area":2475,"segmentation":[],"iscrowd":0},{"id":55,"image_id":2,"category_id":1,"bbox":[188,452,38,68.5],"area":2603,"segmentation":[],"iscrowd":0},{"id":56,"image_id":2,"category_id":2,"bbox":[373,460,55,39],"area":2145,"segmentation":[],"iscrowd":0},{"id":57,"image_id":2,"category_id":2,"bbox":[383,337,47,50.5],"area":2373.5,"segmentation":[],"iscrowd":0},{"id":58,"image_id":2,"category_id":2,"bbox":[247,510,26.5,78],"area":2067,"segmentation":[],"iscrowd":0},{"id":59,"image_id":3,"category_id":2,"bbox":[334,441,37.5,66.5],"area":2493.75,"segmentation":[],"iscrowd":0},{"id":60,"image_id":3,"category_id":2,"bbox":[386,449,23.5,66],"area":1551,"segmentation":[],"iscrowd":0},{"id":61,"image_id":3,"category_id":2,"bbox":[417,518,42,60],"area":2520,"segmentation":[],"iscrowd":0},{"id":62,"image_id":3,"category_id":2,"bbox":[484,498,23.5,76],"area":1786,"segmentation":[],"iscrowd":0},{"id":63,"image_id":3,"category_id":2,"bbox":[187,533,48.5,49.5],"area":2400.75,"segmentation":[],"iscrowd":0},{"id":64,"image_id":3,"category_id":2,"bbox":[235,446,27,65],"area":1755,"segmentation":[],"iscrowd":0},{"id":65,"image_id":3,"category_id":2,"bbox":[202,184,42,35.5],"area":1491,"segmentation":[],"iscrowd":0},{"id":66,"image_id":3,"category_id":2,"bbox":[307,122,49.5,40.5],"area":2004.75,"segmentation":[],"iscrowd":0},{"id":67,"image_id":3,"category_id":2,"bbox":[340,203,44.5,33.5],"area":1490.75,"segmentation":[],"iscrowd":0},{"id":68,"image_id":3,"category_id":2,"bbox":[397,272,33.5,58],"area":1943,"segmentation":[],"iscrowd":0},{"id":69,"image_id":3,"category_id":2,"bbox":[463,282,31.5,64],"area":2016,"segmentation":[],"iscrowd":0},{"id":70,"image_id":3,"category_id":2,"bbox":[513,343,46.5,48],"area":2232,"segmentation":[],"iscrowd":0},{"id":71,"image_id":3,"category_id":2,"bbox":[448,397,51.5,42],"area":2163,"segmentation":[],"iscrowd":0},{"id":72,"image_id":3,"category_id":2,"bbox":[214,224,35.5,65.5],"area":2325.25,"segmentation":[],"iscrowd":0},{"id":73,"image_id":3,"category_id":2,"bbox":[210,302,48,35],"area":1680,"segmentation":[],"iscrowd":0},{"id":74,"image_id":3,"category_id":2,"bbox":[155,425,53.5,43.5],"area":2327.25,"segmentation":[],"iscrowd":0},{"id":75,"image_id":3,"category_id":2,"bbox":[385,412,48,37.5],"area":1800,"segmentation":[],"iscrowd":0},{"id":76,"image_id":3,"category_id":2,"bbox":[349,322,38,50.5],"area":1919,"segmentation":[],"iscrowd":0},{"id":77,"image_id":3,"category_id":2,"bbox":[356,570,44,39],"area":1716,"segmentation":[],"iscrowd":0},{"id":78,"image_id":3,"category_id":2,"bbox":[410,184,47,49.5],"area":2326.5,"segmentation":[],"iscrowd":0},{"id":79,"image_id":3,"category_id":1,"bbox":[454,212,49,47.5],"area":2327.5,"segmentation":[],"iscrowd":0},{"id":80,"image_id":3,"category_id":1,"bbox":[289,247,50,49],"area":2450,"segmentation":[],"iscrowd":0},{"id":81,"image_id":3,"category_id":2,"bbox":[263,177,25.5,68.5],"area":1746.75,"segmentation":[],"iscrowd":0},{"id":82,"image_id":3,"category_id":1,"bbox":[269,296,28.5,59.5],"area":1695.75,"segmentation":[],"iscrowd":0},{"id":83,"image_id":3,"category_id":1,"bbox":[261,378,21,63.5],"area":1333.5,"segmentation":[],"iscrowd":0},{"id":84,"image_id":3,"category_id":1,"bbox":[294,402,39.5,51],"area":2014.5,"segmentation":[],"iscrowd":0},{"id":85,"image_id":3,"category_id":1,"bbox":[247,523,29.5,72.5],"area":2138.75,"segmentation":[],"iscrowd":0},{"id":86,"image_id":3,"category_id":1,"bbox":[318,525,24,62.5],"area":1500,"segmentation":[],"iscrowd":0},{"id":87,"image_id":3,"category_id":1,"bbox":[200,347,44,55.5],"area":2442,"segmentation":[],"iscrowd":0},{"id":88,"image_id":4,"category_id":1,"bbox":[191,195,32.5,50],"area":1625,"segmentation":[],"iscrowd":0},{"id":89,"image_id":4,"category_id":1,"bbox":[415,399,49.5,49],"area":2425.5,"segmentation":[],"iscrowd":0},{"id":90,"image_id":4,"category_id":1,"bbox":[421,335,38.5,53],"area":2040.5,"segmentation":[],"iscrowd":0},{"id":91,"image_id":4,"category_id":1,"bbox":[314,531,21,76.5],"area":1606.5,"segmentation":[],"iscrowd":0},{"id":92,"image_id":4,"category_id":1,"bbox":[298,271,25,78.5],"area":1962.5,"segmentation":[],"iscrowd":0},{"id":93,"image_id":4,"category_id":1,"bbox":[305,211,42.5,46],"area":1955,"segmentation":[],"iscrowd":0},{"id":94,"image_id":4,"category_id":1,"bbox":[257,496,39,34.5],"area":1345.5,"segmentation":[],"iscrowd":0},{"id":95,"image_id":4,"category_id":1,"bbox":[358,450,30.5,80.5],"area":2455.25,"segmentation":[],"iscrowd":0},{"id":96,"image_id":4,"category_id":1,"bbox":[458,270,39,68.5],"area":2671.5,"segmentation":[],"iscrowd":0},{"id":97,"image_id":4,"category_id":1,"bbox":[407,200,50,57],"area":2850,"segmentation":[],"iscrowd":0},{"id":98,"image_id":4,"category_id":1,"bbox":[327,285,54.5,43.5],"area":2370.75,"segmentation":[],"iscrowd":0},{"id":99,"image_id":4,"category_id":1,"bbox":[179,322,45.5,60],"area":2730,"segmentation":[],"iscrowd":0},{"id":100,"image_id":4,"category_id":1,"bbox":[150,442,45.5,56],"area":2548,"segmentation":[],"iscrowd":0},{"id":101,"image_id":4,"category_id":1,"bbox":[213,497,29,82],"area":2378,"segmentation":[],"iscrowd":0},{"id":102,"image_id":4,"category_id":1,"bbox":[244,238,43.5,44],"area":1914,"segmentation":[],"iscrowd":0},{"id":103,"image_id":4,"category_id":1,"bbox":[344,194,45.5,33],"area":1501.5,"segmentation":[],"iscrowd":0},{"id":104,"image_id":4,"category_id":2,"bbox":[356,236,36,49],"area":1764,"segmentation":[],"iscrowd":0},{"id":105,"image_id":4,"category_id":2,"bbox":[400,272,28,54],"area":1512,"segmentation":[],"iscrowd":0},{"id":106,"image_id":4,"category_id":2,"bbox":[324,370,29,84.5],"area":2450.5,"segmentation":[],"iscrowd":0},{"id":107,"image_id":4,"category_id":2,"bbox":[216,409,40,69],"area":2760,"segmentation":[],"iscrowd":0},{"id":108,"image_id":4,"category_id":2,"bbox":[269,426,48.5,36],"area":1746,"segmentation":[],"iscrowd":0},{"id":109,"image_id":4,"category_id":2,"bbox":[185,253,42.5,50],"area":2125,"segmentation":[],"iscrowd":0},{"id":110,"image_id":4,"category_id":2,"bbox":[144,331,22,78.5],"area":1727,"segmentation":[],"iscrowd":0},{"id":111,"image_id":4,"category_id":2,"bbox":[250,312,44,59.5],"area":2618,"segmentation":[],"iscrowd":0},{"id":112,"image_id":4,"category_id":2,"bbox":[362,360,40.5,68.5],"area":2774.25,"segmentation":[],"iscrowd":0},{"id":113,"image_id":5,"category_id":2,"bbox":[271,132,29.5,22],"area":649,"segmentation":[],"iscrowd":0},{"id":114,"image_id":5,"category_id":2,"bbox":[231,160,31,25],"area":775,"segmentation":[],"iscrowd":0},{"id":115,"image_id":5,"category_id":2,"bbox":[269,166,25.5,35],"area":892.5,"segmentation":[],"iscrowd":0},{"id":116,"image_id":5,"category_id":2,"bbox":[183,258,14,48],"area":672,"segmentation":[],"iscrowd":0},{"id":117,"image_id":5,"category_id":2,"bbox":[383,184,27.5,32],"area":880,"segmentation":[],"iscrowd":0},{"id":118,"image_id":5,"category_id":2,"bbox":[233,213,29,25.5],"area":739.5,"segmentation":[],"iscrowd":0},{"id":119,"image_id":5,"category_id":2,"bbox":[272,318,17,47.5],"area":807.5,"segmentation":[],"iscrowd":0},{"id":120,"image_id":5,"category_id":2,"bbox":[241,364,19.5,48],"area":936,"segmentation":[],"iscrowd":0},{"id":121,"image_id":5,"category_id":2,"bbox":[298,258,31,25],"area":775,"segmentation":[],"iscrowd":0},{"id":122,"image_id":5,"category_id":1,"bbox":[214,250,30,20],"area":600,"segmentation":[],"iscrowd":0},{"id":123,"image_id":5,"category_id":1,"bbox":[267,222,15.5,44],"area":682,"segmentation":[],"iscrowd":0},{"id":124,"image_id":5,"category_id":1,"bbox":[277,216,26,29.5],"area":767,"segmentation":[],"iscrowd":0},{"id":125,"image_id":5,"category_id":1,"bbox":[308,166,16,48],"area":768,"segmentation":[],"iscrowd":0},{"id":126,"image_id":5,"category_id":1,"bbox":[320,210,17,46.5],"area":790.5,"segmentation":[],"iscrowd":0},{"id":127,"image_id":5,"category_id":1,"bbox":[341,159,17,42.5],"area":722.5,"segmentation":[],"iscrowd":0},{"id":128,"image_id":5,"category_id":2,"bbox":[345,202,28,33.5],"area":938,"segmentation":[],"iscrowd":0},{"id":129,"image_id":5,"category_id":1,"bbox":[406,153,21,40.5],"area":850.5,"segmentation":[],"iscrowd":0},{"id":130,"image_id":5,"category_id":1,"bbox":[444,178,15,41.5],"area":622.5,"segmentation":[],"iscrowd":0},{"id":131,"image_id":5,"category_id":1,"bbox":[226,273,28.5,20.5],"area":584.25,"segmentation":[],"iscrowd":0},{"id":132,"image_id":5,"category_id":1,"bbox":[204,288,19.5,45],"area":877.5,"segmentation":[],"iscrowd":0},{"id":133,"image_id":5,"category_id":1,"bbox":[192,336,11.5,42.5],"area":488.75,"segmentation":[],"iscrowd":0},{"id":134,"image_id":5,"category_id":1,"bbox":[344,244,17,40.5],"area":688.5,"segmentation":[],"iscrowd":0},{"id":135,"image_id":5,"category_id":1,"bbox":[394,221,18.5,45.5],"area":841.75,"segmentation":[],"iscrowd":0},{"id":136,"image_id":5,"category_id":1,"bbox":[411,224,23,43.5],"area":1000.5,"segmentation":[],"iscrowd":0},{"id":137,"image_id":5,"category_id":1,"bbox":[369,254,27.5,22.5],"area":618.75,"segmentation":[],"iscrowd":0},{"id":138,"image_id":5,"category_id":1,"bbox":[320,279,27,29],"area":783,"segmentation":[],"iscrowd":0},{"id":139,"image_id":5,"category_id":1,"bbox":[420,258,13.5,43.5],"area":587.25,"segmentation":[],"iscrowd":0},{"id":140,"image_id":5,"category_id":2,"bbox":[438,290,18,42.5],"area":765,"segmentation":[],"iscrowd":0},{"id":141,"image_id":5,"category_id":2,"bbox":[388,296,27.5,22],"area":605,"segmentation":[],"iscrowd":0},{"id":142,"image_id":5,"category_id":2,"bbox":[358,309,30,21],"area":630,"segmentation":[],"iscrowd":0},{"id":143,"image_id":5,"category_id":1,"bbox":[326,309,29.5,27],"area":796.5,"segmentation":[],"iscrowd":0},{"id":144,"image_id":5,"category_id":2,"bbox":[294,334,28,30],"area":840,"segmentation":[],"iscrowd":0},{"id":145,"image_id":5,"category_id":2,"bbox":[484,272,12.5,42],"area":525,"segmentation":[],"iscrowd":0},{"id":146,"image_id":5,"category_id":2,"bbox":[349,399,31.5,22.5],"area":708.75,"segmentation":[],"iscrowd":0},{"id":147,"image_id":5,"category_id":2,"bbox":[233,481,15,48.5],"area":727.5,"segmentation":[],"iscrowd":0},{"id":148,"image_id":5,"category_id":2,"bbox":[282,464,20.5,44],"area":902,"segmentation":[],"iscrowd":0},{"id":149,"image_id":5,"category_id":2,"bbox":[285,501,25,39],"area":975,"segmentation":[],"iscrowd":0},{"id":150,"image_id":5,"category_id":2,"bbox":[312,525,22.5,43.5],"area":978.75,"segmentation":[],"iscrowd":0},{"id":151,"image_id":5,"category_id":2,"bbox":[440,432,12.5,44.5],"area":556.25,"segmentation":[],"iscrowd":0},{"id":152,"image_id":5,"category_id":2,"bbox":[208,379,14.5,47.5],"area":688.75,"segmentation":[],"iscrowd":0},{"id":153,"image_id":5,"category_id":2,"bbox":[468,245,22,42],"area":924,"segmentation":[],"iscrowd":0},{"id":154,"image_id":5,"category_id":2,"bbox":[225,332,29.5,26],"area":767,"segmentation":[],"iscrowd":0},{"id":155,"image_id":5,"category_id":1,"bbox":[250,301,29.5,22.5],"area":663.75,"segmentation":[],"iscrowd":0},{"id":156,"image_id":5,"category_id":2,"bbox":[223,418,34,25],"area":850,"segmentation":[],"iscrowd":0},{"id":157,"image_id":5,"category_id":2,"bbox":[261,413,16,43.5],"area":696,"segmentation":[],"iscrowd":0},{"id":158,"image_id":5,"category_id":2,"bbox":[308,403,28.5,21.5],"area":612.75,"segmentation":[],"iscrowd":0},{"id":159,"image_id":5,"category_id":2,"bbox":[281,392,18.5,37.5],"area":693.75,"segmentation":[],"iscrowd":0},{"id":160,"image_id":5,"category_id":1,"bbox":[247,466,30.5,32],"area":976,"segmentation":[],"iscrowd":0},{"id":161,"image_id":5,"category_id":2,"bbox":[197,470,27,31.5],"area":850.5,"segmentation":[],"iscrowd":0},{"id":162,"image_id":5,"category_id":2,"bbox":[338,489,14.5,48],"area":696,"segmentation":[],"iscrowd":0},{"id":163,"image_id":5,"category_id":2,"bbox":[389,448,28.5,22.5],"area":641.25,"segmentation":[],"iscrowd":0},{"id":164,"image_id":5,"category_id":2,"bbox":[423,471,26,22.5],"area":585,"segmentation":[],"iscrowd":0},{"id":165,"image_id":5,"category_id":2,"bbox":[376,411,31.5,21.5],"area":677.25,"segmentation":[],"iscrowd":0},{"id":166,"image_id":5,"category_id":2,"bbox":[364,373,32,21],"area":672,"segmentation":[],"iscrowd":0},{"id":167,"image_id":5,"category_id":2,"bbox":[316,366,28,21.5],"area":602,"segmentation":[],"iscrowd":0},{"id":168,"image_id":5,"category_id":2,"bbox":[347,344,23,21],"area":483,"segmentation":[],"iscrowd":0},{"id":169,"image_id":5,"category_id":1,"bbox":[379,343,28,24],"area":672,"segmentation":[],"iscrowd":0},{"id":170,"image_id":5,"category_id":1,"bbox":[409,333,30,22],"area":660,"segmentation":[],"iscrowd":0},{"id":171,"image_id":5,"category_id":2,"bbox":[403,373,33,24],"area":792,"segmentation":[],"iscrowd":0},{"id":172,"image_id":5,"category_id":2,"bbox":[425,399,15.5,49],"area":759.5,"segmentation":[],"iscrowd":0},{"id":173,"image_id":5,"category_id":2,"bbox":[447,334,16.5,40.5],"area":668.25,"segmentation":[],"iscrowd":0},{"id":174,"image_id":5,"category_id":2,"bbox":[448,373,28.5,25],"area":712.5,"segmentation":[],"iscrowd":0},{"id":175,"image_id":5,"category_id":1,"bbox":[450,401,23.5,19.5],"area":458.25,"segmentation":[],"iscrowd":0},{"id":176,"image_id":5,"category_id":1,"bbox":[483,335,14,44.5],"area":623,"segmentation":[],"iscrowd":0},{"id":177,"image_id":5,"category_id":1,"bbox":[343,428,26.5,19.5],"area":516.75,"segmentation":[],"iscrowd":0},{"id":178,"image_id":5,"category_id":2,"bbox":[345,451,29,22.5],"area":652.5,"segmentation":[],"iscrowd":0},{"id":179,"image_id":5,"category_id":1,"bbox":[353,479,28.5,24.5],"area":698.25,"segmentation":[],"iscrowd":0},{"id":180,"image_id":5,"category_id":1,"bbox":[391,514,26,28],"area":728,"segmentation":[],"iscrowd":0},{"id":181,"image_id":5,"category_id":1,"bbox":[365,546,31,23.5],"area":728.5,"segmentation":[],"iscrowd":0},{"id":182,"image_id":5,"category_id":1,"bbox":[337,555,16.5,43],"area":709.5,"segmentation":[],"iscrowd":0},{"id":183,"image_id":6,"category_id":1,"bbox":[183,230,19.5,55],"area":1072.5,"segmentation":[],"iscrowd":0},{"id":184,"image_id":6,"category_id":1,"bbox":[255,232,50,35.5],"area":1775,"segmentation":[],"iscrowd":0},{"id":185,"image_id":6,"category_id":1,"bbox":[316,225,47.5,48],"area":2280,"segmentation":[],"iscrowd":0},{"id":186,"image_id":6,"category_id":1,"bbox":[380,206,36.5,65.5],"area":2390.75,"segmentation":[],"iscrowd":0},{"id":187,"image_id":6,"category_id":1,"bbox":[414,272,47,32],"area":1504,"segmentation":[],"iscrowd":0},{"id":188,"image_id":6,"category_id":1,"bbox":[406,319,52,42.5],"area":2210,"segmentation":[],"iscrowd":0},{"id":189,"image_id":6,"category_id":1,"bbox":[383,360,21,79],"area":1659,"segmentation":[],"iscrowd":0},{"id":190,"image_id":6,"category_id":1,"bbox":[347,292,18.5,68.5],"area":1267.25,"segmentation":[],"iscrowd":0},{"id":191,"image_id":6,"category_id":1,"bbox":[306,292,29,69.5],"area":2015.5,"segmentation":[],"iscrowd":0},{"id":192,"image_id":6,"category_id":1,"bbox":[249,295,47.5,48.5],"area":2303.75,"segmentation":[],"iscrowd":0},{"id":193,"image_id":6,"category_id":1,"bbox":[204,335,31,68],"area":2108,"segmentation":[],"iscrowd":0},{"id":194,"image_id":6,"category_id":1,"bbox":[251,373,39.5,57],"area":2251.5,"segmentation":[],"iscrowd":0},{"id":195,"image_id":6,"category_id":1,"bbox":[304,386,54.5,43.5],"area":2370.75,"segmentation":[],"iscrowd":0},{"id":196,"image_id":6,"category_id":1,"bbox":[318,465,49,36.5],"area":1788.5,"segmentation":[],"iscrowd":0},{"id":197,"image_id":6,"category_id":1,"bbox":[373,453,52.5,35],"area":1837.5,"segmentation":[],"iscrowd":0},{"id":198,"image_id":6,"category_id":1,"bbox":[426,382,44,57],"area":2508,"segmentation":[],"iscrowd":0},{"id":199,"image_id":6,"category_id":1,"bbox":[394,521,58.5,44.5],"area":2603.25,"segmentation":[],"iscrowd":0},{"id":200,"image_id":6,"category_id":1,"bbox":[320,525,47.5,51],"area":2422.5,"segmentation":[],"iscrowd":0},{"id":201,"image_id":6,"category_id":1,"bbox":[279,441,26,72],"area":1872,"segmentation":[],"iscrowd":0},{"id":202,"image_id":6,"category_id":1,"bbox":[225,419,41,61.5],"area":2521.5,"segmentation":[],"iscrowd":0},{"id":203,"image_id":6,"category_id":1,"bbox":[249,507,38.5,60],"area":2310,"segmentation":[],"iscrowd":0},{"id":204,"image_id":7,"category_id":2,"bbox":[396,228,30,75.5],"area":2265,"segmentation":[],"iscrowd":0},{"id":205,"image_id":7,"category_id":2,"bbox":[293,112,30.5,77],"area":2348.5,"segmentation":[],"iscrowd":0},{"id":206,"image_id":7,"category_id":2,"bbox":[211,182,46.5,52],"area":2418,"segmentation":[],"iscrowd":0},{"id":207,"image_id":7,"category_id":2,"bbox":[171,354,39.5,69],"area":2725.5,"segmentation":[],"iscrowd":0},{"id":208,"image_id":7,"category_id":2,"bbox":[114,414,46.5,61.5],"area":2859.75,"segmentation":[],"iscrowd":0},{"id":209,"image_id":7,"category_id":2,"bbox":[169,436,29.5,74],"area":2183,"segmentation":[],"iscrowd":0},{"id":210,"image_id":7,"category_id":2,"bbox":[187,498,45,53],"area":2385,"segmentation":[],"iscrowd":0},{"id":211,"image_id":7,"category_id":1,"bbox":[118,502,36.5,72.5],"area":2646.25,"segmentation":[],"iscrowd":0},{"id":212,"image_id":7,"category_id":2,"bbox":[301,354,50,41],"area":2050,"segmentation":[],"iscrowd":0},{"id":213,"image_id":7,"category_id":2,"bbox":[358,320,44,55.5],"area":2442,"segmentation":[],"iscrowd":0},{"id":214,"image_id":7,"category_id":2,"bbox":[343,426,47.5,40.5],"area":1923.75,"segmentation":[],"iscrowd":0},{"id":215,"image_id":7,"category_id":2,"bbox":[280,480,23,71.5],"area":1644.5,"segmentation":[],"iscrowd":0},{"id":216,"image_id":7,"category_id":2,"bbox":[264,557,29,72.5],"area":2102.5,"segmentation":[],"iscrowd":0},{"id":217,"image_id":7,"category_id":2,"bbox":[378,538,49,52.5],"area":2572.5,"segmentation":[],"iscrowd":0},{"id":218,"image_id":7,"category_id":2,"bbox":[386,137,44,52.5],"area":2310,"segmentation":[],"iscrowd":0},{"id":219,"image_id":7,"category_id":2,"bbox":[447,174,38.5,63.5],"area":2444.75,"segmentation":[],"iscrowd":0},{"id":220,"image_id":7,"category_id":2,"bbox":[417,370,52.5,40.5],"area":2126.25,"segmentation":[],"iscrowd":0},{"id":221,"image_id":7,"category_id":2,"bbox":[512,455,27.5,82.5],"area":2268.75,"segmentation":[],"iscrowd":0},{"id":222,"image_id":7,"category_id":2,"bbox":[431,475,37,78],"area":2886,"segmentation":[],"iscrowd":0},{"id":223,"image_id":7,"category_id":2,"bbox":[257,282,39,71.5],"area":2788.5,"segmentation":[],"iscrowd":0},{"id":224,"image_id":7,"category_id":2,"bbox":[347,225,35,76.5],"area":2677.5,"segmentation":[],"iscrowd":0},{"id":225,"image_id":7,"category_id":1,"bbox":[276,210,44,58],"area":2552,"segmentation":[],"iscrowd":0},{"id":226,"image_id":7,"category_id":1,"bbox":[255,407,52.5,38],"area":1995,"segmentation":[],"iscrowd":0},{"id":227,"image_id":7,"category_id":1,"bbox":[531,277,34,73.5],"area":2499,"segmentation":[],"iscrowd":0},{"id":228,"image_id":7,"category_id":2,"bbox":[220,293,26,71.5],"area":1859,"segmentation":[],"iscrowd":0},{"id":229,"image_id":7,"category_id":2,"bbox":[128,285,52,47],"area":2444,"segmentation":[],"iscrowd":0},{"id":230,"image_id":7,"category_id":2,"bbox":[323,83,57,49.5],"area":2821.5,"segmentation":[],"iscrowd":0},{"id":231,"image_id":7,"category_id":2,"bbox":[422,89,41,65],"area":2665,"segmentation":[],"iscrowd":0},{"id":232,"image_id":7,"category_id":2,"bbox":[477,276,25,72.5],"area":1812.5,"segmentation":[],"iscrowd":0},{"id":233,"image_id":7,"category_id":2,"bbox":[479,394,48.5,54.5],"area":2643.25,"segmentation":[],"iscrowd":0},{"id":234,"image_id":7,"category_id":2,"bbox":[401,440,30,74.5],"area":2235,"segmentation":[],"iscrowd":0},{"id":235,"image_id":7,"category_id":2,"bbox":[324,470,49.5,60.5],"area":2994.75,"segmentation":[],"iscrowd":0},{"id":236,"image_id":8,"category_id":1,"bbox":[273,204,48,40],"area":1920,"segmentation":[],"iscrowd":0},{"id":237,"image_id":8,"category_id":1,"bbox":[209,359,33,40.5],"area":1336.5,"segmentation":[],"iscrowd":0},{"id":238,"image_id":8,"category_id":1,"bbox":[242,340,49,50.5],"area":2474.5,"segmentation":[],"iscrowd":0},{"id":239,"image_id":8,"category_id":1,"bbox":[217,275,49,40.5],"area":1984.5,"segmentation":[],"iscrowd":0},{"id":240,"image_id":8,"category_id":2,"bbox":[285,291,32.5,67],"area":2177.5,"segmentation":[],"iscrowd":0},{"id":241,"image_id":8,"category_id":2,"bbox":[429,349,43,53.5],"area":2300.5,"segmentation":[],"iscrowd":0},{"id":242,"image_id":8,"category_id":2,"bbox":[326,532,32.5,57.5],"area":1868.75,"segmentation":[],"iscrowd":0},{"id":243,"image_id":8,"category_id":2,"bbox":[353,406,45.5,34.5],"area":1569.75,"segmentation":[],"iscrowd":0},{"id":244,"image_id":8,"category_id":2,"bbox":[405,226,42,35],"area":1470,"segmentation":[],"iscrowd":0},{"id":245,"image_id":8,"category_id":2,"bbox":[298,499,40,53],"area":2120,"segmentation":[],"iscrowd":0},{"id":246,"image_id":8,"category_id":1,"bbox":[298,449,45.5,33.5],"area":1524.25,"segmentation":[],"iscrowd":0},{"id":247,"image_id":8,"category_id":1,"bbox":[265,433,23,77.5],"area":1782.5,"segmentation":[],"iscrowd":0},{"id":248,"image_id":8,"category_id":1,"bbox":[210,428,46.5,49],"area":2278.5,"segmentation":[],"iscrowd":0},{"id":249,"image_id":8,"category_id":1,"bbox":[247,526,32.5,51.5],"area":1673.75,"segmentation":[],"iscrowd":0},{"id":250,"image_id":8,"category_id":1,"bbox":[364,470,22.5,71.5],"area":1608.75,"segmentation":[],"iscrowd":0},{"id":251,"image_id":8,"category_id":1,"bbox":[326,365,29.5,59.5],"area":1755.25,"segmentation":[],"iscrowd":0},{"id":252,"image_id":8,"category_id":1,"bbox":[369,341,50.5,43.5],"area":2196.75,"segmentation":[],"iscrowd":0},{"id":253,"image_id":8,"category_id":1,"bbox":[402,407,41,56.5],"area":2316.5,"segmentation":[],"iscrowd":0},{"id":254,"image_id":8,"category_id":1,"bbox":[365,244,27.5,52.5],"area":1443.75,"segmentation":[],"iscrowd":0},{"id":255,"image_id":8,"category_id":1,"bbox":[392,282,44.5,51.5],"area":2291.75,"segmentation":[],"iscrowd":0},{"id":256,"image_id":8,"category_id":1,"bbox":[326,254,34,58.5],"area":1989,"segmentation":[],"iscrowd":0},{"id":257,"image_id":8,"category_id":1,"bbox":[323,308,32,51],"area":1632,"segmentation":[],"iscrowd":0},{"id":258,"image_id":8,"category_id":1,"bbox":[445,296,51,47.5],"area":2422.5,"segmentation":[],"iscrowd":0},{"id":259,"image_id":9,"category_id":2,"bbox":[278,89,58,45.5],"area":2639,"segmentation":[],"iscrowd":0},{"id":260,"image_id":9,"category_id":2,"bbox":[448,33,51,47.5],"area":2422.5,"segmentation":[],"iscrowd":0},{"id":261,"image_id":9,"category_id":2,"bbox":[189,201,48.5,52.5],"area":2546.25,"segmentation":[],"iscrowd":0},{"id":262,"image_id":9,"category_id":2,"bbox":[266,264,33,77.5],"area":2557.5,"segmentation":[],"iscrowd":0},{"id":263,"image_id":9,"category_id":2,"bbox":[416,99,38.5,71],"area":2733.5,"segmentation":[],"iscrowd":0},{"id":264,"image_id":9,"category_id":2,"bbox":[507,155,26,75],"area":1950,"segmentation":[],"iscrowd":0},{"id":265,"image_id":9,"category_id":2,"bbox":[555,294,56.5,45],"area":2542.5,"segmentation":[],"iscrowd":0},{"id":266,"image_id":9,"category_id":2,"bbox":[414,295,37.5,70],"area":2625,"segmentation":[],"iscrowd":0},{"id":267,"image_id":9,"category_id":2,"bbox":[451,385,45,56.5],"area":2542.5,"segmentation":[],"iscrowd":0},{"id":268,"image_id":9,"category_id":2,"bbox":[543,374,38.5,74.5],"area":2868.25,"segmentation":[],"iscrowd":0},{"id":269,"image_id":9,"category_id":2,"bbox":[382,477,52,51.5],"area":2678,"segmentation":[],"iscrowd":0},{"id":270,"image_id":9,"category_id":2,"bbox":[356,551,32,67],"area":2144,"segmentation":[],"iscrowd":0},{"id":271,"image_id":9,"category_id":2,"bbox":[254,429,29.5,81],"area":2389.5,"segmentation":[],"iscrowd":0},{"id":272,"image_id":9,"category_id":2,"bbox":[287,357,51.5,49.5],"area":2549.25,"segmentation":[],"iscrowd":0},{"id":273,"image_id":9,"category_id":2,"bbox":[342,292,24.5,87],"area":2131.5,"segmentation":[],"iscrowd":0},{"id":274,"image_id":9,"category_id":2,"bbox":[381,325,25.5,82],"area":2091,"segmentation":[],"iscrowd":0},{"id":275,"image_id":9,"category_id":2,"bbox":[279,195,44.5,41],"area":1824.5,"segmentation":[],"iscrowd":0},{"id":276,"image_id":9,"category_id":2,"bbox":[358,37,53,55],"area":2915,"segmentation":[],"iscrowd":0},{"id":277,"image_id":9,"category_id":2,"bbox":[515,282,27.5,74.5],"area":2048.75,"segmentation":[],"iscrowd":0},{"id":278,"image_id":9,"category_id":1,"bbox":[483,452,40.5,66.5],"area":2693.25,"segmentation":[],"iscrowd":0},{"id":279,"image_id":9,"category_id":1,"bbox":[300,485,49.5,44.5],"area":2202.75,"segmentation":[],"iscrowd":0},{"id":280,"image_id":9,"category_id":1,"bbox":[193,458,42,60.5],"area":2541,"segmentation":[],"iscrowd":0},{"id":281,"image_id":9,"category_id":1,"bbox":[165,348,55,33],"area":1815,"segmentation":[],"iscrowd":0},{"id":282,"image_id":9,"category_id":1,"bbox":[340,208,52,39.5],"area":2054,"segmentation":[],"iscrowd":0},{"id":283,"image_id":9,"category_id":2,"bbox":[454,238,29.5,83.5],"area":2463.25,"segmentation":[],"iscrowd":0},{"id":284,"image_id":9,"category_id":2,"bbox":[473,554,47,56],"area":2632,"segmentation":[],"iscrowd":0},{"id":285,"image_id":9,"category_id":2,"bbox":[567,216,53.5,39.5],"area":2113.25,"segmentation":[],"iscrowd":0},{"id":286,"image_id":9,"category_id":1,"bbox":[550,69,38.5,75.5],"area":2906.75,"segmentation":[],"iscrowd":0},{"id":287,"image_id":10,"category_id":2,"bbox":[295,183,45.5,45],"area":2047.5,"segmentation":[],"iscrowd":0},{"id":288,"image_id":10,"category_id":2,"bbox":[239,288,28.5,70.5],"area":2009.25,"segmentation":[],"iscrowd":0},{"id":289,"image_id":10,"category_id":2,"bbox":[126,442,32,60],"area":1920,"segmentation":[],"iscrowd":0},{"id":290,"image_id":10,"category_id":2,"bbox":[210,404,41,30.5],"area":1250.5,"segmentation":[],"iscrowd":0},{"id":291,"image_id":10,"category_id":2,"bbox":[243,475,23.5,76.5],"area":1797.75,"segmentation":[],"iscrowd":0},{"id":292,"image_id":10,"category_id":2,"bbox":[166,174,33,70],"area":2310,"segmentation":[],"iscrowd":0},{"id":293,"image_id":10,"category_id":2,"bbox":[227,137,45.5,58],"area":2639,"segmentation":[],"iscrowd":0},{"id":294,"image_id":10,"category_id":2,"bbox":[305,297,48.5,38],"area":1843,"segmentation":[],"iscrowd":0},{"id":295,"image_id":10,"category_id":1,"bbox":[98,313,34.5,83.5],"area":2880.75,"segmentation":[],"iscrowd":0},{"id":296,"image_id":10,"category_id":1,"bbox":[145,264,39,70],"area":2730,"segmentation":[],"iscrowd":0},{"id":297,"image_id":10,"category_id":1,"bbox":[196,268,21,64.5],"area":1354.5,"segmentation":[],"iscrowd":0},{"id":298,"image_id":10,"category_id":1,"bbox":[234,229,47.5,39.5],"area":1876.25,"segmentation":[],"iscrowd":0},{"id":299,"image_id":10,"category_id":2,"bbox":[350,241,40.5,45],"area":1822.5,"segmentation":[],"iscrowd":0},{"id":300,"image_id":10,"category_id":2,"bbox":[390,343,44,45],"area":1980,"segmentation":[],"iscrowd":0},{"id":301,"image_id":10,"category_id":1,"bbox":[327,357,38,55.5],"area":2109,"segmentation":[],"iscrowd":0},{"id":302,"image_id":10,"category_id":1,"bbox":[294,378,20,62.5],"area":1250,"segmentation":[],"iscrowd":0},{"id":303,"image_id":10,"category_id":1,"bbox":[408,444,43,46.5],"area":1999.5,"segmentation":[],"iscrowd":0},{"id":304,"image_id":10,"category_id":1,"bbox":[310,480,24.5,72.5],"area":1776.25,"segmentation":[],"iscrowd":0},{"id":305,"image_id":10,"category_id":1,"bbox":[170,385,32,74],"area":2368,"segmentation":[],"iscrowd":0},{"id":306,"image_id":11,"category_id":2,"bbox":[241,277,45.5,30],"area":1365,"segmentation":[],"iscrowd":0},{"id":307,"image_id":11,"category_id":1,"bbox":[291,254,45.5,50],"area":2275,"segmentation":[],"iscrowd":0},{"id":308,"image_id":11,"category_id":1,"bbox":[338,254,46.5,35],"area":1627.5,"segmentation":[],"iscrowd":0},{"id":309,"image_id":11,"category_id":1,"bbox":[375,308,21.5,66],"area":1419,"segmentation":[],"iscrowd":0},{"id":310,"image_id":11,"category_id":1,"bbox":[301,350,43,53.5],"area":2300.5,"segmentation":[],"iscrowd":0},{"id":311,"image_id":11,"category_id":1,"bbox":[232,330,45,51],"area":2295,"segmentation":[],"iscrowd":0},{"id":312,"image_id":11,"category_id":1,"bbox":[258,397,33.5,69],"area":2311.5,"segmentation":[],"iscrowd":0},{"id":313,"image_id":11,"category_id":1,"bbox":[341,405,29,70],"area":2030,"segmentation":[],"iscrowd":0},{"id":314,"image_id":11,"category_id":1,"bbox":[381,441,37,69],"area":2553,"segmentation":[],"iscrowd":0},{"id":315,"image_id":11,"category_id":1,"bbox":[330,471,24.5,66],"area":1617,"segmentation":[],"iscrowd":0},{"id":316,"image_id":11,"category_id":1,"bbox":[185,384,27,78.5],"area":2119.5,"segmentation":[],"iscrowd":0},{"id":317,"image_id":11,"category_id":1,"bbox":[225,493,35,62],"area":2170,"segmentation":[],"iscrowd":0},{"id":318,"image_id":12,"category_id":2,"bbox":[201,260,34.5,68.5],"area":2363.25,"segmentation":[],"iscrowd":0},{"id":319,"image_id":12,"category_id":2,"bbox":[253,273,24,61],"area":1464,"segmentation":[],"iscrowd":0},{"id":320,"image_id":12,"category_id":2,"bbox":[235,443,46.5,36],"area":1674,"segmentation":[],"iscrowd":0},{"id":321,"image_id":12,"category_id":2,"bbox":[368,379,45,37],"area":1665,"segmentation":[],"iscrowd":0},{"id":322,"image_id":12,"category_id":2,"bbox":[425,186,44.5,61],"area":2714.5,"segmentation":[],"iscrowd":0},{"id":323,"image_id":12,"category_id":2,"bbox":[242,211,46,53],"area":2438,"segmentation":[],"iscrowd":0},{"id":324,"image_id":12,"category_id":2,"bbox":[352,145,24,67.5],"area":1620,"segmentation":[],"iscrowd":0},{"id":325,"image_id":12,"category_id":2,"bbox":[382,420,51.5,48],"area":2472,"segmentation":[],"iscrowd":0},{"id":326,"image_id":12,"category_id":2,"bbox":[268,534,52,31.5],"area":1638,"segmentation":[],"iscrowd":0},{"id":327,"image_id":12,"category_id":2,"bbox":[339,528,33.5,72.5],"area":2428.75,"segmentation":[],"iscrowd":0},{"id":328,"image_id":12,"category_id":2,"bbox":[330,294,44.5,29],"area":1290.5,"segmentation":[],"iscrowd":0},{"id":329,"image_id":12,"category_id":1,"bbox":[211,340,23.5,71.5],"area":1680.25,"segmentation":[],"iscrowd":0},{"id":330,"image_id":12,"category_id":1,"bbox":[311,345,44.5,64.5],"area":2870.25,"segmentation":[],"iscrowd":0},{"id":331,"image_id":12,"category_id":1,"bbox":[237,373,50.5,42.5],"area":2146.25,"segmentation":[],"iscrowd":0},{"id":332,"image_id":12,"category_id":1,"bbox":[279,113,23,76.5],"area":1759.5,"segmentation":[],"iscrowd":0},{"id":333,"image_id":12,"category_id":1,"bbox":[304,154,32.5,73],"area":2372.5,"segmentation":[],"iscrowd":0},{"id":334,"image_id":12,"category_id":1,"bbox":[375,138,48.5,40],"area":1940,"segmentation":[],"iscrowd":0},{"id":335,"image_id":12,"category_id":2,"bbox":[378,195,37.5,66],"area":2475,"segmentation":[],"iscrowd":0},{"id":336,"image_id":12,"category_id":1,"bbox":[324,246,48.5,28],"area":1358,"segmentation":[],"iscrowd":0},{"id":337,"image_id":12,"category_id":1,"bbox":[395,299,48,42],"area":2016,"segmentation":[],"iscrowd":0},{"id":338,"image_id":12,"category_id":1,"bbox":[467,296,22.5,77],"area":1732.5,"segmentation":[],"iscrowd":0},{"id":339,"image_id":12,"category_id":1,"bbox":[340,444,31.5,67.5],"area":2126.25,"segmentation":[],"iscrowd":0},{"id":340,"image_id":12,"category_id":1,"bbox":[283,450,40,68.5],"area":2740,"segmentation":[],"iscrowd":0},{"id":341,"image_id":13,"category_id":1,"bbox":[266,245,30,62],"area":1860,"segmentation":[],"iscrowd":0},{"id":342,"image_id":13,"category_id":1,"bbox":[297,251,49.5,28.5],"area":1410.75,"segmentation":[],"iscrowd":0},{"id":343,"image_id":13,"category_id":1,"bbox":[388,278,45.5,72],"area":3276,"segmentation":[],"iscrowd":0},{"id":344,"image_id":13,"category_id":1,"bbox":[313,300,53.5,40.5],"area":2166.75,"segmentation":[],"iscrowd":0},{"id":345,"image_id":13,"category_id":1,"bbox":[273,176,51.5,39],"area":2008.5,"segmentation":[],"iscrowd":0},{"id":346,"image_id":13,"category_id":1,"bbox":[358,222,49,50],"area":2450,"segmentation":[],"iscrowd":0},{"id":347,"image_id":13,"category_id":1,"bbox":[405,185,36.5,70.5],"area":2573.25,"segmentation":[],"iscrowd":0},{"id":348,"image_id":13,"category_id":1,"bbox":[415,365,52,38],"area":1976,"segmentation":[],"iscrowd":0},{"id":349,"image_id":13,"category_id":1,"bbox":[275,357,19.5,71],"area":1384.5,"segmentation":[],"iscrowd":0},{"id":350,"image_id":13,"category_id":1,"bbox":[303,347,36,61.5],"area":2214,"segmentation":[],"iscrowd":0},{"id":351,"image_id":13,"category_id":1,"bbox":[339,354,37.5,63.5],"area":2381.25,"segmentation":[],"iscrowd":0},{"id":352,"image_id":13,"category_id":1,"bbox":[379,411,49,47.5],"area":2327.5,"segmentation":[],"iscrowd":0},{"id":353,"image_id":13,"category_id":1,"bbox":[392,480,48,55],"area":2640,"segmentation":[],"iscrowd":0},{"id":354,"image_id":13,"category_id":1,"bbox":[334,486,51,37.5],"area":1912.5,"segmentation":[],"iscrowd":0},{"id":355,"image_id":13,"category_id":1,"bbox":[331,558,39.5,30],"area":1185,"segmentation":[],"iscrowd":0},{"id":356,"image_id":13,"category_id":1,"bbox":[237,515,56,53],"area":2968,"segmentation":[],"iscrowd":0},{"id":357,"image_id":13,"category_id":2,"bbox":[302,437,49,61.5],"area":3013.5,"segmentation":[],"iscrowd":0},{"id":358,"image_id":13,"category_id":1,"bbox":[189,358,28,93.5],"area":2618,"segmentation":[],"iscrowd":0},{"id":359,"image_id":13,"category_id":2,"bbox":[209,270,41.5,58.5],"area":2427.75,"segmentation":[],"iscrowd":0},{"id":360,"image_id":13,"category_id":1,"bbox":[234,414,19.5,79.5],"area":1550.25,"segmentation":[],"iscrowd":0},{"id":361,"image_id":14,"category_id":2,"bbox":[259,144,41.5,62],"area":2573,"segmentation":[],"iscrowd":0},{"id":362,"image_id":14,"category_id":2,"bbox":[419,200,51,51],"area":2601,"segmentation":[],"iscrowd":0},{"id":363,"image_id":14,"category_id":2,"bbox":[435,494,29,68],"area":1972,"segmentation":[],"iscrowd":0},{"id":364,"image_id":14,"category_id":2,"bbox":[301,550,38,71],"area":2698,"segmentation":[],"iscrowd":0},{"id":365,"image_id":14,"category_id":1,"bbox":[323,138,48.5,55],"area":2667.5,"segmentation":[],"iscrowd":0},{"id":366,"image_id":14,"category_id":1,"bbox":[372,165,34,54.5],"area":1853,"segmentation":[],"iscrowd":0},{"id":367,"image_id":14,"category_id":1,"bbox":[398,226,20,73],"area":1460,"segmentation":[],"iscrowd":0},{"id":368,"image_id":14,"category_id":1,"bbox":[430,285,34,57],"area":1938,"segmentation":[],"iscrowd":0},{"id":369,"image_id":14,"category_id":1,"bbox":[378,331,24,77],"area":1848,"segmentation":[],"iscrowd":0},{"id":370,"image_id":14,"category_id":1,"bbox":[339,241,30.5,79.5],"area":2424.75,"segmentation":[],"iscrowd":0},{"id":371,"image_id":14,"category_id":1,"bbox":[285,224,47.5,46.5],"area":2208.75,"segmentation":[],"iscrowd":0},{"id":372,"image_id":14,"category_id":1,"bbox":[222,195,26.5,82],"area":2173,"segmentation":[],"iscrowd":0},{"id":373,"image_id":14,"category_id":1,"bbox":[172,275,38,71],"area":2698,"segmentation":[],"iscrowd":0},{"id":374,"image_id":14,"category_id":1,"bbox":[210,326,51,60],"area":3060,"segmentation":[],"iscrowd":0},{"id":375,"image_id":14,"category_id":1,"bbox":[262,349,41.5,66.5],"area":2759.75,"segmentation":[],"iscrowd":0},{"id":376,"image_id":14,"category_id":1,"bbox":[317,337,30.5,68],"area":2074,"segmentation":[],"iscrowd":0},{"id":377,"image_id":14,"category_id":1,"bbox":[309,424,58.5,40],"area":2340,"segmentation":[],"iscrowd":0},{"id":378,"image_id":14,"category_id":1,"bbox":[414,358,53,42],"area":2226,"segmentation":[],"iscrowd":0},{"id":379,"image_id":14,"category_id":1,"bbox":[455,422,58,53],"area":3074,"segmentation":[],"iscrowd":0},{"id":380,"image_id":14,"category_id":1,"bbox":[390,436,39,56],"area":2184,"segmentation":[],"iscrowd":0},{"id":381,"image_id":14,"category_id":1,"bbox":[342,494,45.5,58],"area":2639,"segmentation":[],"iscrowd":0},{"id":382,"image_id":14,"category_id":1,"bbox":[380,577,50,41],"area":2050,"segmentation":[],"iscrowd":0},{"id":383,"image_id":14,"category_id":1,"bbox":[173,410,52.5,55],"area":2887.5,"segmentation":[],"iscrowd":0},{"id":384,"image_id":14,"category_id":1,"bbox":[234,465,47.5,49],"area":2327.5,"segmentation":[],"iscrowd":0},{"id":385,"image_id":14,"category_id":1,"bbox":[239,537,41.5,70],"area":2905,"segmentation":[],"iscrowd":0}]}